{
  "historical": {
    "MAE": 34.336566919709036,
    "RMSE": 61.60827695482348,
    "R2": -0.09997836882693822,
    "MAPE": 114.19973247940113,
    "Direction_Accuracy": 0.6728343145500421
  },
  "random_forest": {
    "MAE": 22.284728493714866,
    "RMSE": 55.406715700324554,
    "R2": 0.11032613172291872,
    "MAPE": 89.87076923108152,
    "Direction_Accuracy": 71.90916736753574
  },
  "linear_regression": {
    "MAE": 24.46784425141111,
    "RMSE": 54.06025740141416,
    "R2": 0.15304129160608493,
    "MAPE": 78.38326395960866,
    "Direction_Accuracy": 76.28259041211102
  },
  "gradient_boosting": {
    "MAE": 21.48710256517288,
    "RMSE": 55.169413582526495,
    "R2": 0.11793060287711776,
    "MAPE": 85.50552733679419,
    "Direction_Accuracy": 73.5071488645921
  },
  "xgboost": {
    "MAE": 22.671068082408745,
    "RMSE": 52.568673096240595,
    "R2": 0.19913364441799575,
    "MAPE": 91.85537731427897,
    "Direction_Accuracy": 74.01177460050462
  },
  "ensemble": {
    "MAE": 21.798975238550707,
    "RMSE": 52.88946566146052,
    "R2": 0.18932948383657267,
    "MAPE": 86.3186023114883,
    "Direction_Accuracy": 74.76871320437343
  }
}